"Muestra","Convencion","n","p","ar1_u","rho_z","cor_uv","gamma_hat","ratio_Q","delta_hat","IF_stambaugh","inflation_factor"
"EA mensual","DR",299,3,1.0031,0.995595,-0.0215,0.0623,0.000261,-0.0606,1.0005,1.0001
"EA pre-2008","DR",93,3,1.0251,0.986913,-0.0639,0.5392,0.0182,-0.1798,1.0041,1.0091
"EA post-2008","DR",202,4,1.0023,0.993664,-0.0322,0.0132,1.87e-05,-0.0919,1.001,1
"EA trimestral","DR",98,2,1.0049,0.987411,-0.1991,-0.1457,0.00092,-0.5415,1.0396,1.0005
"USA mensual","DR",795,1,0.9682,0.998246,-0.0408,-0.0722,0.0248,-0.0297,1.0017,1.0123
"USA pre-Volcker","DR",241,5,0.9889,0.994647,0.0862,0.1848,0.0197,0.1499,1.0074,1.0098
"USA Great Moderation","DR",283,5,0.9873,0.995391,-0.0391,0.0248,3.72e-05,-0.0632,1.0015,1
"USA trimestral","DR",265,1,0.9119,0.99503,-0.0039,-0.0996,0.0562,-0.0041,1,1.0277
"USA pre-Volcker","DR",80,3,0.9653,0.984973,0.0515,0.7494,0.213,0.1558,1.0027,1.1015
"USA Great Moderation","DR",93,3,0.9693,0.986913,-0.1286,0.2886,0.00259,-0.3064,1.0165,1.0013
"USA Volcker-Greenspan","DR",313,5,0.9952,0.995805,0.0272,0.0774,0.00266,0.0459,1.0007,1.0013
"USA Bernanke/Yellen/Powell","DR",230,1,0.9422,0.994317,-0.103,-0.1081,0.117,-0.0434,1.0106,1.0567
"USA Volcker-Greenspan Q","DR",103,4,0.9821,0.988194,-0.2161,0.18,0.0106,-0.5073,1.0467,1.0053
"USA Bernanke/Yellen/Powell Q","DR",77,1,0.8425,0.984059,-0.0111,-0.2029,0.727,-0.0061,1.0001,1.3143
