"Sample","Period","n","Inflation_AR1","Inflation_ADF_p","Unemployment_AR1","Unemployment_ADF_p"
"EA mensual (full)","full sample",302,0.413,"<0.05",1.003,"0.22"
"EA pre-2008","hasta Dic 2007",96,0.136,"<0.01",1.021,"0.274"
"EA post-2008","Ene 2008 – end",206,0.453,"<0.05",1.002,"0.262"
"EA trimestral (full)","full sample",100,0.693,"<0.01",1.005,"0.242"
"USA mensual (full)","Ene 1959 – Abr 2025",805,0.621,"<0.01",0.968,"<0.05"
"USA pre-Volcker","Ene 1959 – Jun 1979",246,0.648,"0.248",0.989,"0.181"
"USA Gran Moderación","Ene 1984 – Dic 2007",288,0.32,"<0.01",0.983,"0.175"
"USA Volcker-Greenspan","Ago 1979 – Ene 2006",318,0.605,"<0.01",0.995,"0.183"
"USA Bernanke/Yellen/Powell","Feb 2006 – Abr 2025",231,0.54,"<0.01",0.942,"0.189"
"USA trimestral (full)","Ene 1959 – Abr 2025",267,0.744,"<0.05",0.912,"<0.05"
"USA pre-Volcker (trim.)","Ene 1959 – Jul 1979",83,0.933,"0.247",0.963,"0.201"
"USA Gran Moderación (trim.)","Ene 1984 – Oct 2007",96,0.305,"<0.05",0.963,"0.152"
"USA Volcker-Greenspan (trim.)","1979Q4 – 2005Q4",105,0.624,"<0.01",0.983,"0.198"
"USA Bernanke/Yellen/Powell (trim.)","2006Q1 – 2025Q2",78,0.417,"0.153",0.843,"0.189"
