"n","beta","pow_OLS","pow_IVX","pow_RAIVX"
50,-0.15,0.312,0.2505,0.458
50,-0.125,0.223,0.1715,0.3325
50,-0.1,0.141,0.1175,0.2175
50,-0.075,0.1005,0.063,0.135
50,-0.05,0.0965,0.0505,0.066
50,-0.025,0.1245,0.0425,0.0305
50,2.77555756156289e-17,0.212,0.0665,0.0405
50,0.025,0.3615,0.1165,0.0705
50,0.05,0.6085,0.2035,0.1305
50,0.075,0.825,0.375,0.265
50,0.1,0.919,0.575,0.423
50,0.125,0.9805,0.711,0.579
50,0.15,0.993,0.8315,0.7115
100,-0.15,0.77,0.671,0.8835
100,-0.125,0.6265,0.5405,0.7975
100,-0.1,0.482,0.407,0.6535
100,-0.075,0.303,0.257,0.456
100,-0.05,0.146,0.1115,0.2225
100,-0.025,0.0825,0.042,0.0595
100,2.77555756156289e-17,0.1935,0.0625,0.036
100,0.025,0.533,0.1815,0.1435
100,0.05,0.9105,0.528,0.43
100,0.075,0.992,0.825,0.7125
100,0.1,0.999,0.9315,0.8795
100,0.125,1,0.965,0.934
100,0.15,1,0.991,0.9715
150,-0.15,0.927,0.87,0.9715
150,-0.125,0.8825,0.809,0.9595
150,-0.1,0.7425,0.6545,0.863
150,-0.075,0.539,0.471,0.709
150,-0.05,0.28,0.247,0.4095
150,-0.025,0.0885,0.0735,0.1125
150,2.77555756156289e-17,0.185,0.055,0.0335
150,0.025,0.715,0.3005,0.239
150,0.05,0.9905,0.8165,0.7195
150,0.075,1,0.954,0.9265
150,0.1,1,0.988,0.976
150,0.125,1,0.9985,0.9955
150,0.15,1,0.9995,0.9965
200,-0.15,0.989,0.9635,0.997
200,-0.125,0.9595,0.918,0.9855
200,-0.1,0.875,0.8145,0.9495
200,-0.075,0.7345,0.6645,0.8575
200,-0.05,0.438,0.393,0.6005
200,-0.025,0.129,0.118,0.187
200,2.77555756156289e-17,0.1465,0.049,0.0315
200,0.025,0.8275,0.445,0.362
200,0.05,0.998,0.941,0.8775
200,0.075,1,0.9925,0.978
200,0.1,1,0.9985,0.9975
200,0.125,1,0.999,0.999
200,0.15,1,0.9995,1
300,-0.15,0.9985,0.996,1
300,-0.125,0.995,0.9845,0.998
300,-0.1,0.9775,0.9505,0.9965
300,-0.075,0.9095,0.867,0.9695
300,-0.05,0.714,0.6775,0.85
300,-0.025,0.286,0.2825,0.4085
300,2.77555756156289e-17,0.1215,0.0555,0.03
300,0.025,0.959,0.765,0.6555
300,0.05,1,0.9925,0.9815
300,0.075,1,1,0.9995
300,0.1,1,1,1
300,0.125,1,1,1
300,0.15,1,1,1
500,-0.15,1,1,1
500,-0.125,1,0.9995,1
500,-0.1,0.9995,0.999,1
500,-0.075,0.9945,0.99,0.9985
500,-0.05,0.943,0.929,0.9795
500,-0.025,0.5525,0.547,0.69
500,2.77555756156289e-17,0.118,0.056,0.039
500,0.025,0.9995,0.988,0.943
500,0.05,1,1,0.9995
500,0.075,1,1,1
500,0.1,1,1,1
500,0.125,1,1,1
500,0.15,1,1,1
