"Panel","Sample","beta_OLS","se_OLS","t_OLS","beta_IVX","se_IVX","t_IVX","beta_RAIVX","se_RAIVX","t_RAIVX"
"Euro Area - Monthly","Full sample",-0.0434,0.0086,-5.049,-0.0419,0.0113,-3.721,-0.0419,0.0113,-3.712
"Euro Area - Monthly","Pre-2008",-0.0385,0.0283,-1.361,-0.0362,0.0386,-0.938,-0.0365,0.0397,-0.918
"Euro Area - Monthly","Post-2008",-0.0425,0.01,-4.234,-0.0423,0.0092,-4.584,-0.0423,0.0092,-4.583
"Euro Area - Quarterly","Full sample",-0.1296,0.0311,-4.168,-0.1251,0.0405,-3.088,-0.1266,0.0404,-3.134
"United States - Monthly","Full sample",0.0032,0.0066,0.494,0.0083,0.0059,1.407,0.0063,0.006,1.051
"United States - Monthly","Pre-Volcker",0.023,0.0154,1.495,0.0445,0.0113,3.95,0.0476,0.0115,4.119
"United States - Monthly","Great Moderation",-0.002,0.0127,-0.158,-0.0241,0.0319,-0.756,-0.0238,0.0319,-0.747
"United States - Monthly","Volcker-Greenspan",0.0262,0.0103,2.537,0.0298,0.0118,2.528,0.0304,0.0118,2.579
"United States - Monthly","Bernanke/Yellen/Powell",-0.0124,0.0095,-1.305,-0.0119,0.0083,-1.439,-0.0167,0.0085,-1.969
"United States - Quarterly","Full sample",0.0133,0.0273,0.488,0.0297,0.021,1.412,0.022,0.0211,1.043
"United States - Quarterly","Pre-Volcker",0.0673,0.0716,0.939,0.1149,0.0398,2.889,0.1424,0.0458,3.11
"United States - Quarterly","Great Moderation",-0.0066,0.0396,-0.167,-0.0639,0.0981,-0.651,-0.0504,0.0961,-0.525
"United States - Quarterly","Volcker-Greenspan",0.0726,0.0342,2.122,0.08,0.0413,1.936,0.0841,0.0405,2.078
"United States - Quarterly","Bernanke/Yellen/Powell",-0.0263,0.0354,-0.743,-0.0262,0.0282,-0.932,-0.0505,0.0303,-1.664
